,Slices
1,2021-05-06 01:12:12+00:00
2,2021-05-06 01:12:16+00:00
3,2021-05-06 01:13:14+00:00
4,2021-05-06 01:14:22+00:00
5,2021-05-06 01:14:56+00:00
6,2021-05-06 01:12:16+00:00
7,2021-05-06 01:15:19+00:00
8,2021-05-06 01:18:14+00:00
9,2021-05-06 01:26:25+00:00
10,2021-05-06 01:13:39+00:00
11,2021-05-06 01:15:19+00:00
12,2021-05-06 01:13:35+00:00
13,2021-05-06 01:13:28+00:00
14,2021-05-06 01:21:46+00:00
15,2021-05-06 01:36:14+00:00
16,2021-05-06 01:12:33+00:00
17,2021-05-06 01:12:58+00:00
18,2021-05-06 01:15:34+00:00
19,2021-05-06 01:32:38+00:00
20,2021-05-06 01:14:23+00:00
21,2021-05-06 01:14:26+00:00
22,2021-05-06 01:15:56+00:00
23,2021-05-06 02:54:48+00:00
24,2021-05-06 01:12:30+00:00
25,2021-05-06 01:33:41+00:00
